Year Month,Country,BNF Chapter plus Code,BNF Chemical Substance plus Code,Items,Actual Cost,ADQ Usage,DDD Usage,List Size
202408,ENGLAND,Dressings (20),Absorbent Cottons (2001),55,443.399441424105,,,63531644
202408,ENGLAND,Dressings (20),Arm Sling/Bandages (2002),39740,999889.000497569,,,63531644
202408,ENGLAND,Dressings (20),Wound Management & Other Dressings (2003),306665,10189278.6660942,,,63531644
202408,ENGLAND,Dressings (20),Gauzes & Gauze Tissue (2004),7121,196295.632148088,,,63531644
202408,ENGLAND,Dressings (20),Tracheostomy & Laryngectomy Appliances (2005),15526,1429362.54698282,,,63531644
202408,ENGLAND,Dressings (20),Lints (2007),16,358.462305445907,,,63531644
202408,ENGLAND,Dressings (20),Stockinette (2009),35946,453668.699844084,,,63531644
202408,ENGLAND,Dressings (20),Surgical Adhesive Tape (2010),16647,75893.7173318981,,,63531644
202408,ENGLAND,Dressings (20),Surgical Sutures (2011),5588,13642.1509820564,,,63531644
202408,ENGLAND,Dressings (20),Swabs (2012),20221,80166.3432728481,,,63531644
202408,ENGLAND,Dressings (20),"Skin Closure Strips, Sterile (2014)",6340,6636.20568161416,,,63531644
202408,ENGLAND,Dressings (20),"Skin Adhesive, Sterile (2015)",69,637.612006417108,,,63531644
202408,ENGLAND,Dressings (20),Silk Garments (2020),472,24118.3651613851,,,63531644
202409,ENGLAND,Dressings (20),Absorbent Cottons (2001),71,698.411836258306,,,63623320
202409,ENGLAND,Dressings (20),Arm Sling/Bandages (2002),40079,1017710.20980794,,,63623320
202409,ENGLAND,Dressings (20),Wound Management & Other Dressings (2003),300973,10137361.0871673,,,63623320
202409,ENGLAND,Dressings (20),Gauzes & Gauze Tissue (2004),7096,195863.02698127,,,63623320
202409,ENGLAND,Dressings (20),Tracheostomy & Laryngectomy Appliances (2005),14898,1406089.35614803,,,63623320
202409,ENGLAND,Dressings (20),Lints (2007),16,455.409610933202,,,63623320
202409,ENGLAND,Dressings (20),Stockinette (2009),35902,469534.801457145,,,63623320
202409,ENGLAND,Dressings (20),Surgical Adhesive Tape (2010),16316,76133.086211443,,,63623320
202409,ENGLAND,Dressings (20),Surgical Sutures (2011),6556,17608.3184747556,,,63623320
202409,ENGLAND,Dressings (20),Swabs (2012),19401,78373.8209767622,,,63623320
202409,ENGLAND,Dressings (20),"Skin Closure Strips, Sterile (2014)",5581,6164.16758966254,,,63623320
202409,ENGLAND,Dressings (20),"Skin Adhesive, Sterile (2015)",56,400.874967898653,,,63623320
202409,ENGLAND,Dressings (20),Silk Garments (2020),454,26143.5987676759,,,63623320
202410,ENGLAND,Dressings (20),Absorbent Cottons (2001),53,502.705185921174,,,63722003
202410,ENGLAND,Dressings (20),Arm Sling/Bandages (2002),41609,1053409.61651362,,,63722003
202410,ENGLAND,Dressings (20),Wound Management & Other Dressings (2003),308107,10572423.044165,,,63722003
202410,ENGLAND,Dressings (20),Gauzes & Gauze Tissue (2004),7450,208987.922141783,,,63722003
202410,ENGLAND,Dressings (20),Tracheostomy & Laryngectomy Appliances (2005),16074,1528437.21723996,,,63722003
202410,ENGLAND,Dressings (20),Foam (2006),1,19.9354959119129,,,63722003
202410,ENGLAND,Dressings (20),Lints (2007),12,403.767284238988,,,63722003
202410,ENGLAND,Dressings (20),Stockinette (2009),37179,493717.430289693,,,63722003
202410,ENGLAND,Dressings (20),Surgical Adhesive Tape (2010),17073,79823.6142280125,,,63722003
202410,ENGLAND,Dressings (20),Surgical Sutures (2011),7358,19121.557124733,,,63722003
202410,ENGLAND,Dressings (20),Swabs (2012),20321,82894.9519692035,,,63722003
202410,ENGLAND,Dressings (20),"Skin Closure Strips, Sterile (2014)",7615,7464.18191821144,,,63722003
202410,ENGLAND,Dressings (20),"Skin Adhesive, Sterile (2015)",58,521.820704743361,,,63722003
202410,ENGLAND,Dressings (20),Silk Garments (2020),488,28829.6541323085,,,63722003
202411,ENGLAND,Dressings (20),Absorbent Cottons (2001),72,616.215409732325,,,63766922
202411,ENGLAND,Dressings (20),Arm Sling/Bandages (2002),38220,964029.771210935,,,63766922
202411,ENGLAND,Dressings (20),Wound Management & Other Dressings (2003),282358,9746526.75780915,,,63766922
202411,ENGLAND,Dressings (20),Gauzes & Gauze Tissue (2004),6979,192092.143960002,,,63766922
202411,ENGLAND,Dressings (20),Tracheostomy & Laryngectomy Appliances (2005),16095,1625796.5315126,,,63766922
202411,ENGLAND,Dressings (20),Foam (2006),1,19.9355135982897,,,63766922
202411,ENGLAND,Dressings (20),Lints (2007),18,252.027244628956,,,63766922
202411,ENGLAND,Dressings (20),Stockinette (2009),34369,468156.461349335,,,63766922
202411,ENGLAND,Dressings (20),Surgical Adhesive Tape (2010),15936,75224.1049545459,,,63766922
202411,ENGLAND,Dressings (20),Surgical Sutures (2011),6255,16931.5714741813,,,63766922
202411,ENGLAND,Dressings (20),Swabs (2012),19356,79221.8045844712,,,63766922
202411,ENGLAND,Dressings (20),"Skin Closure Strips, Sterile (2014)",6305,6133.79781404963,,,63766922
202411,ENGLAND,Dressings (20),"Skin Adhesive, Sterile (2015)",62,401.409014467814,,,63766922
202411,ENGLAND,Dressings (20),Silk Garments (2020),526,26820.1033828425,,,63766922
202412,ENGLAND,Dressings (20),Absorbent Cottons (2001),54,467.261172935626,,,63778023
202412,ENGLAND,Dressings (20),Arm Sling/Bandages (2002),36664,929650.565512675,,,63778023
202412,ENGLAND,Dressings (20),Wound Management & Other Dressings (2003),272243,9548333.71006523,,,63778023
202412,ENGLAND,Dressings (20),Gauzes & Gauze Tissue (2004),6680,189126.513675444,,,63778023
202412,ENGLAND,Dressings (20),Tracheostomy & Laryngectomy Appliances (2005),14035,1382570.14346465,,,63778023
202412,ENGLAND,Dressings (20),Lints (2007),15,421.780404763384,,,63778023
202412,ENGLAND,Dressings (20),Stockinette (2009),32717,433600.093178174,,,63778023
202412,ENGLAND,Dressings (20),Surgical Adhesive Tape (2010),15358,72185.7928018061,,,63778023
202412,ENGLAND,Dressings (20),Surgical Sutures (2011),6254,15627.5634916392,,,63778023
202412,ENGLAND,Dressings (20),Swabs (2012),18821,77655.0026669256,,,63778023
202412,ENGLAND,Dressings (20),"Skin Closure Strips, Sterile (2014)",7030,7051.24565740507,,,63778023
202412,ENGLAND,Dressings (20),"Skin Adhesive, Sterile (2015)",53,401.961675995553,,,63778023
202412,ENGLAND,Dressings (20),Silk Garments (2020),430,21808.0159384264,,,63778023
202501,ENGLAND,Dressings (20),Absorbent Cottons (2001),65,627.409972848159,,,63811119
202501,ENGLAND,Dressings (20),Arm Sling/Bandages (2002),41093,1062283.06940566,,,63811119
202501,ENGLAND,Dressings (20),Wound Management & Other Dressings (2003),299429,10562669.1693276,,,63811119
202501,ENGLAND,Dressings (20),Gauzes & Gauze Tissue (2004),7045,200694.592127641,,,63811119
202501,ENGLAND,Dressings (20),Tracheostomy & Laryngectomy Appliances (2005),15523,1490533.30111305,,,63811119
202501,ENGLAND,Dressings (20),Foam (2006),2,39.8710031232502,,,63811119
202501,ENGLAND,Dressings (20),Lints (2007),10,281.742900309324,,,63811119
202501,ENGLAND,Dressings (20),Stockinette (2009),36710,491262.695764307,,,63811119
202501,ENGLAND,Dressings (20),Surgical Adhesive Tape (2010),17101,76809.0711666305,,,63811119
202501,ENGLAND,Dressings (20),Surgical Sutures (2011),7855,21950.917249257,,,63811119
202501,ENGLAND,Dressings (20),Swabs (2012),19728,81436.201279772,,,63811119
202501,ENGLAND,Dressings (20),"Skin Closure Strips, Sterile (2014)",8094,8202.90255513842,,,63811119
202501,ENGLAND,Dressings (20),"Skin Adhesive, Sterile (2015)",61,585.247300650199,,,63811119
202501,ENGLAND,Dressings (20),Silk Garments (2020),514,28416.4932788967,,,63811119
202502,ENGLAND,Dressings (20),Absorbent Cottons (2001),50,435.055885736677,,,63814878
202502,ENGLAND,Dressings (20),Arm Sling/Bandages (2002),34178,863285.204866571,,,63814878
202502,ENGLAND,Dressings (20),Wound Management & Other Dressings (2003),257575,9215500.461705,,,63814878
202502,ENGLAND,Dressings (20),Gauzes & Gauze Tissue (2004),6034,173011.819438791,,,63814878
202502,ENGLAND,Dressings (20),Tracheostomy & Laryngectomy Appliances (2005),13747,1302007.4517775,,,63814878
202502,ENGLAND,Dressings (20),Foam (2006),1,19.935478509437,,,63814878
202502,ENGLAND,Dressings (20),Lints (2007),16,375.112874683468,,,63814878
202502,ENGLAND,Dressings (20),Stockinette (2009),31132,422804.429485283,,,63814878
202502,ENGLAND,Dressings (20),Surgical Adhesive Tape (2010),14205,67699.7278363516,,,63814878
202502,ENGLAND,Dressings (20),Surgical Sutures (2011),6633,16520.7237910903,,,63814878
202502,ENGLAND,Dressings (20),Swabs (2012),17232,72982.4513517405,,,63814878
202502,ENGLAND,Dressings (20),"Skin Closure Strips, Sterile (2014)",6896,6731.62981872104,,,63814878
202502,ENGLAND,Dressings (20),"Skin Adhesive, Sterile (2015)",50,488.274078515659,,,63814878
202502,ENGLAND,Dressings (20),Silk Garments (2020),428,24173.3945391234,,,63814878
202503,ENGLAND,Dressings (20),Absorbent Cottons (2001),53,487.133059426758,,,63824983
202503,ENGLAND,Dressings (20),Arm Sling/Bandages (2002),35474,890667.28371069,,,63824983
202503,ENGLAND,Dressings (20),Wound Management & Other Dressings (2003),268795,9597363.81095185,,,63824983
202503,ENGLAND,Dressings (20),Gauzes & Gauze Tissue (2004),6217,174257.242400448,,,63824983
202503,ENGLAND,Dressings (20),Tracheostomy & Laryngectomy Appliances (2005),14600,1387392.21019798,,,63824983
202503,ENGLAND,Dressings (20),Foam (2006),2,39.8709964487353,,,63824983
202503,ENGLAND,Dressings (20),Lints (2007),11,269.738289365583,,,63824983
202503,ENGLAND,Dressings (20),Stockinette (2009),32399,454423.541590568,,,63824983
202503,ENGLAND,Dressings (20),Surgical Adhesive Tape (2010),14868,67941.6824568858,,,63824983
202503,ENGLAND,Dressings (20),Surgical Sutures (2011),7005,19522.8863008386,,,63824983
202503,ENGLAND,Dressings (20),Swabs (2012),18169,76037.37408201,,,63824983
202503,ENGLAND,Dressings (20),"Skin Closure Strips, Sterile (2014)",6990,7329.83687083381,,,63824983
202503,ENGLAND,Dressings (20),"Skin Adhesive, Sterile (2015)",52,354.159832027492,,,63824983
202503,ENGLAND,Dressings (20),Silk Garments (2020),564,35431.2177955855,,,63824983
202504,ENGLAND,Dressings (20),Absorbent Cottons (2001),64,681.378143062844,,,63829070
202504,ENGLAND,Dressings (20),Arm Sling/Bandages (2002),34107,867686.700375236,,,63829070
202504,ENGLAND,Dressings (20),Wound Management & Other Dressings (2003),266959,9683637.79519051,,,63829070
202504,ENGLAND,Dressings (20),Gauzes & Gauze Tissue (2004),6202,176235.740722266,,,63829070
202504,ENGLAND,Dressings (20),Tracheostomy & Laryngectomy Appliances (2005),14696,1427397.44555638,,,63829070
202504,ENGLAND,Dressings (20),Foam (2006),2,39.8692954166202,,,63829070
202504,ENGLAND,Dressings (20),Lints (2007),11,569.633232114249,,,63829070
202504,ENGLAND,Dressings (20),Stockinette (2009),31166,422090.558316989,,,63829070
202504,ENGLAND,Dressings (20),Surgical Adhesive Tape (2010),14527,72652.7446838314,,,63829070
202504,ENGLAND,Dressings (20),Surgical Sutures (2011),6370,16305.1190129938,,,63829070
202504,ENGLAND,Dressings (20),Swabs (2012),18195,75045.9149399458,,,63829070
202504,ENGLAND,Dressings (20),"Skin Closure Strips, Sterile (2014)",6816,7093.28673439196,,,63829070
202504,ENGLAND,Dressings (20),"Skin Adhesive, Sterile (2015)",62,490.486877109194,,,63829070
202504,ENGLAND,Dressings (20),Cellulose Wadding BP 1988 (2018),1,23.8109221492935,,,63829070
202504,ENGLAND,Dressings (20),Silk Garments (2020),448,26304.0621359463,,,63829070
202505,ENGLAND,Dressings (20),Absorbent Cottons (2001),61,619.940483402412,,,63849271
202505,ENGLAND,Dressings (20),Arm Sling/Bandages (2002),35892,902271.444012786,,,63849271
202505,ENGLAND,Dressings (20),Wound Management & Other Dressings (2003),281765,10045286.3709424,,,63849271
202505,ENGLAND,Dressings (20),Gauzes & Gauze Tissue (2004),6633,186430.609998718,,,63849271
202505,ENGLAND,Dressings (20),Tracheostomy & Laryngectomy Appliances (2005),16491,1584059.24068771,,,63849271
202505,ENGLAND,Dressings (20),Foam (2006),2,39.8691261837807,,,63849271
202505,ENGLAND,Dressings (20),Lints (2007),15,414.080206425816,,,63849271
202505,ENGLAND,Dressings (20),Stockinette (2009),32712,434622.979498536,,,63849271
202505,ENGLAND,Dressings (20),Surgical Adhesive Tape (2010),15375,75246.1072893716,,,63849271
202505,ENGLAND,Dressings (20),Surgical Sutures (2011),6349,15017.8787880075,,,63849271
202505,ENGLAND,Dressings (20),Swabs (2012),18921,78168.6044090839,,,63849271
202505,ENGLAND,Dressings (20),"Skin Closure Strips, Sterile (2014)",6618,6677.56403973521,,,63849271
202505,ENGLAND,Dressings (20),"Skin Adhesive, Sterile (2015)",62,458.404490036775,,,63849271
202505,ENGLAND,Dressings (20),Silk Garments (2020),435,26560.7661428968,,,63849271
202506,ENGLAND,Dressings (20),Absorbent Cottons (2001),59,582.99496834933,,,63859394
202506,ENGLAND,Dressings (20),Arm Sling/Bandages (2002),38537,982696.182331356,,,63859394
202506,ENGLAND,Dressings (20),Wound Management & Other Dressings (2003),305832,10717695.5941047,,,63859394
202506,ENGLAND,Dressings (20),Gauzes & Gauze Tissue (2004),7583,206113.090206363,,,63859394
202506,ENGLAND,Dressings (20),Tracheostomy & Laryngectomy Appliances (2005),15773,1497702.7734058,,,63859394
202506,ENGLAND,Dressings (20),Foam (2006),1,20.2680288529111,,,63859394
202506,ENGLAND,Dressings (20),Lints (2007),16,409.818237595141,,,63859394
202506,ENGLAND,Dressings (20),Stockinette (2009),34620,458982.323101535,,,63859394
202506,ENGLAND,Dressings (20),Surgical Adhesive Tape (2010),16203,78536.31161057,,,63859394
202506,ENGLAND,Dressings (20),Surgical Sutures (2011),7406,17866.1079626173,,,63859394
202506,ENGLAND,Dressings (20),Swabs (2012),19592,82462.8460553775,,,63859394
202506,ENGLAND,Dressings (20),"Skin Closure Strips, Sterile (2014)",6141,6257.74858310418,,,63859394
202506,ENGLAND,Dressings (20),"Skin Adhesive, Sterile (2015)",73,643.769799156114,,,63859394
202506,ENGLAND,Dressings (20),Silk Garments (2020),491,28247.6646961529,,,63859394
202507,ENGLAND,Dressings (20),Absorbent Cottons (2001),54,487.335729284655,,,63879648
202507,ENGLAND,Dressings (20),Arm Sling/Bandages (2002),38438,975549.125632648,,,63879648
202507,ENGLAND,Dressings (20),Wound Management & Other Dressings (2003),314288,11214215.5488681,,,63879648
202507,ENGLAND,Dressings (20),Gauzes & Gauze Tissue (2004),7810,214909.856144591,,,63879648
202507,ENGLAND,Dressings (20),Tracheostomy & Laryngectomy Appliances (2005),16677,1626687.19740233,,,63879648
202507,ENGLAND,Dressings (20),Foam (2006),2,40.5356414940857,,,63879648
202507,ENGLAND,Dressings (20),Lints (2007),11,199.102864943805,,,63879648
202507,ENGLAND,Dressings (20),Stockinette (2009),35371,468999.282027783,,,63879648
202507,ENGLAND,Dressings (20),Surgical Adhesive Tape (2010),16327,78371.6354364975,,,63879648
202507,ENGLAND,Dressings (20),Surgical Sutures (2011),6436,16501.9927024838,,,63879648
202507,ENGLAND,Dressings (20),Swabs (2012),20762,85073.0603176225,,,63879648
202507,ENGLAND,Dressings (20),"Skin Closure Strips, Sterile (2014)",6599,7029.85278241468,,,63879648
202507,ENGLAND,Dressings (20),"Skin Adhesive, Sterile (2015)",104,714.355416928879,,,63879648
202507,ENGLAND,Dressings (20),Silk Garments (2020),492,28570.9041489879,,,63879648
202508,ENGLAND,Dressings (20),Absorbent Cottons (2001),49,427.102526449568,,,63890633
202508,ENGLAND,Dressings (20),Arm Sling/Bandages (2002),35093,886258.087851001,,,63890633
202508,ENGLAND,Dressings (20),Wound Management & Other Dressings (2003),285220,10193595.7741628,,,63890633
202508,ENGLAND,Dressings (20),Gauzes & Gauze Tissue (2004),7240,190433.406751802,,,63890633
202508,ENGLAND,Dressings (20),Tracheostomy & Laryngectomy Appliances (2005),15051,1450457.84372015,,,63890633
202508,ENGLAND,Dressings (20),Foam (2006),2,40.5356654010362,,,63890633
202508,ENGLAND,Dressings (20),Lints (2007),11,234.133072024944,,,63890633
202508,ENGLAND,Dressings (20),Stockinette (2009),31776,412911.845205081,,,63890633
202508,ENGLAND,Dressings (20),Surgical Adhesive Tape (2010),15118,73722.8337624922,,,63890633
202508,ENGLAND,Dressings (20),Surgical Sutures (2011),6006,15077.6233768703,,,63890633
202508,ENGLAND,Dressings (20),Swabs (2012),18715,78047.3808763748,,,63890633
202508,ENGLAND,Dressings (20),"Skin Closure Strips, Sterile (2014)",6797,7134.04302024047,,,63890633
202508,ENGLAND,Dressings (20),"Skin Adhesive, Sterile (2015)",125,953.163258514516,,,63890633
202508,ENGLAND,Dressings (20),Silk Garments (2020),397,20433.8435326177,,,63890633
202509,ENGLAND,Dressings (20),Absorbent Cottons (2001),62,605.593244221447,,,63970723
202509,ENGLAND,Dressings (20),Arm Sling/Bandages (2002),37354,946307.467837677,,,63970723
202509,ENGLAND,Dressings (20),Wound Management & Other Dressings (2003),300262,10955603.7204889,,,63970723
202509,ENGLAND,Dressings (20),Gauzes & Gauze Tissue (2004),7793,206691.159050478,,,63970723
202509,ENGLAND,Dressings (20),Tracheostomy & Laryngectomy Appliances (2005),15882,1562512.70990759,,,63970723
202509,ENGLAND,Dressings (20),Foam (2006),1,20.2678049586327,,,63970723
202509,ENGLAND,Dressings (20),Lints (2007),13,632.056032518476,,,63970723
202509,ENGLAND,Dressings (20),Stockinette (2009),33731,457095.120032545,,,63970723
202509,ENGLAND,Dressings (20),Surgical Adhesive Tape (2010),15436,77740.7371776539,,,63970723
202509,ENGLAND,Dressings (20),Surgical Sutures (2011),7816,19663.1693497635,,,63970723
202509,ENGLAND,Dressings (20),Swabs (2012),19537,83774.7374195859,,,63970723
202509,ENGLAND,Dressings (20),"Skin Closure Strips, Sterile (2014)",6220,6738.82722813919,,,63970723
202509,ENGLAND,Dressings (20),"Skin Adhesive, Sterile (2015)",70,910.473408575891,,,63970723
202509,ENGLAND,Dressings (20),Silk Garments (2020),397,24431.0698867248,,,63970723
202510,ENGLAND,Dressings (20),Absorbent Cottons (2001),51,513.779710087216,,,64005675
202510,ENGLAND,Dressings (20),Arm Sling/Bandages (2002),37641,962811.65517596,,,64005675
202510,ENGLAND,Dressings (20),Wound Management & Other Dressings (2003),302909,10940645.899222,,,64005675
202510,ENGLAND,Dressings (20),Gauzes & Gauze Tissue (2004),7878,209613.968799191,,,64005675
202510,ENGLAND,Dressings (20),Tracheostomy & Laryngectomy Appliances (2005),16866,1657833.79822456,,,64005675
202510,ENGLAND,Dressings (20),Foam (2006),1,20.2675333094981,,,64005675
202510,ENGLAND,Dressings (20),Lints (2007),10,530.625320824709,,,64005675
202510,ENGLAND,Dressings (20),Stockinette (2009),34112,446728.583686199,,,64005675
202510,ENGLAND,Dressings (20),Surgical Adhesive Tape (2010),15915,76663.6879532265,,,64005675
202510,ENGLAND,Dressings (20),Surgical Sutures (2011),7000,16956.4421403698,,,64005675
202510,ENGLAND,Dressings (20),Swabs (2012),19509,86618.2465560487,,,64005675
202510,ENGLAND,Dressings (20),"Skin Closure Strips, Sterile (2014)",7487,7027.56435554779,,,64005675
202510,ENGLAND,Dressings (20),"Skin Adhesive, Sterile (2015)",68,436.434739592286,,,64005675
202510,ENGLAND,Dressings (20),Silk Garments (2020),416,25901.9028468452,,,64005675
202511,ENGLAND,Dressings (20),Absorbent Cottons (2001),48,349.753183616123,,,63996561
202511,ENGLAND,Dressings (20),Arm Sling/Bandages (2002),33242,860979.163486757,,,63996561
202511,ENGLAND,Dressings (20),Wound Management & Other Dressings (2003),263541,9669251.65514883,,,63996561
202511,ENGLAND,Dressings (20),Gauzes & Gauze Tissue (2004),6819,181380.324158134,,,63996561
202511,ENGLAND,Dressings (20),Tracheostomy & Laryngectomy Appliances (2005),15585,1583661.3175954,,,63996561
202511,ENGLAND,Dressings (20),Foam (2006),1,20.2659990531206,,,63996561
202511,ENGLAND,Dressings (20),Lints (2007),10,101.32889994145,,,63996561
202511,ENGLAND,Dressings (20),Stockinette (2009),29484,392676.365384123,,,63996561
202511,ENGLAND,Dressings (20),Surgical Adhesive Tape (2010),14166,66753.5111012328,,,63996561
202511,ENGLAND,Dressings (20),Surgical Sutures (2011),7247,17133.7912159398,,,63996561
202511,ENGLAND,Dressings (20),Swabs (2012),17808,76865.076280105,,,63996561
202511,ENGLAND,Dressings (20),"Skin Closure Strips, Sterile (2014)",5869,6072.98105305972,,,63996561
202511,ENGLAND,Dressings (20),"Skin Adhesive, Sterile (2015)",72,520.136949961706,,,63996561
202511,ENGLAND,Dressings (20),Silk Garments (2020),339,19102.1215305233,,,63996561
202512,ENGLAND,Dressings (20),Absorbent Cottons (2001),53,462.165226806872,,,63957289
202512,ENGLAND,Dressings (20),Arm Sling/Bandages (2002),32815,852632.605976188,,,63957289
202512,ENGLAND,Dressings (20),Wound Management & Other Dressings (2003),266707,10208035.3864522,,,63957289
202512,ENGLAND,Dressings (20),Gauzes & Gauze Tissue (2004),6944,178454.066061787,,,63957289
202512,ENGLAND,Dressings (20),Tracheostomy & Laryngectomy Appliances (2005),16105,1680355.48780981,,,63957289
202512,ENGLAND,Dressings (20),Foam (2006),2,40.5310954498632,,,63957289
202512,ENGLAND,Dressings (20),Lints (2007),13,426.143670834284,,,63957289
202512,ENGLAND,Dressings (20),Stockinette (2009),30278,402383.519341363,,,63957289
202512,ENGLAND,Dressings (20),Surgical Adhesive Tape (2010),14441,75356.3241111991,,,63957289
202512,ENGLAND,Dressings (20),Surgical Sutures (2011),7971,28163.6099730691,,,63957289
202512,ENGLAND,Dressings (20),Swabs (2012),18831,82209.1388689306,,,63957289
202512,ENGLAND,Dressings (20),"Skin Closure Strips, Sterile (2014)",6269,6349.86622174336,,,63957289
202512,ENGLAND,Dressings (20),"Skin Adhesive, Sterile (2015)",185,960.468733315558,,,63957289
202512,ENGLAND,Dressings (20),Silk Garments (2020),373,22740.0795539949,,,63957289
202601,ENGLAND,Dressings (20),Absorbent Cottons (2001),42,367.955869130845,,,63850356
202601,ENGLAND,Dressings (20),Arm Sling/Bandages (2002),36253,916968.852144154,,,63850356
202601,ENGLAND,Dressings (20),Wound Management & Other Dressings (2003),282977,10612095.9321052,,,63850356
202601,ENGLAND,Dressings (20),Gauzes & Gauze Tissue (2004),7362,193718.47108071,,,63850356
202601,ENGLAND,Dressings (20),Tracheostomy & Laryngectomy Appliances (2005),15971,1575202.24844268,,,63850356
202601,ENGLAND,Dressings (20),Foam (2006),1,20.2652260429484,,,63850356
202601,ENGLAND,Dressings (20),Lints (2007),8,293.80573735448,,,63850356
202601,ENGLAND,Dressings (20),Stockinette (2009),32587,444239.4817633,,,63850356
202601,ENGLAND,Dressings (20),Surgical Adhesive Tape (2010),15158,73898.563815509,,,63850356
202601,ENGLAND,Dressings (20),Surgical Sutures (2011),7487,19445.3186227428,,,63850356
202601,ENGLAND,Dressings (20),Swabs (2012),18423,80185.8134609129,,,63850356
202601,ENGLAND,Dressings (20),"Skin Closure Strips, Sterile (2014)",6257,6489.5553346177,,,63850356
202601,ENGLAND,Dressings (20),"Skin Adhesive, Sterile (2015)",73,508.621839912758,,,63850356
202601,ENGLAND,Dressings (20),Silk Garments (2020),384,20690.7640103506,,,63850356
202602,ENGLAND,Dressings (20),Absorbent Cottons (2001),40,344.497505573615,,,63769637
202602,ENGLAND,Dressings (20),Arm Sling/Bandages (2002),30974,793312.344611868,,,63769637
202602,ENGLAND,Dressings (20),Wound Management & Other Dressings (2003),248512,9208785.2905187,,,63769637
202602,ENGLAND,Dressings (20),Gauzes & Gauze Tissue (2004),6656,179970.837125631,,,63769637
202602,ENGLAND,Dressings (20),Tracheostomy & Laryngectomy Appliances (2005),14952,1524912.83025769,,,63769637
202602,ENGLAND,Dressings (20),Foam (2006),1,20.265294418678,,,63769637
202602,ENGLAND,Dressings (20),Lints (2007),10,210.548598619696,,,63769637
202602,ENGLAND,Dressings (20),Stockinette (2009),28505,394693.116436194,,,63769637
202602,ENGLAND,Dressings (20),Surgical Adhesive Tape (2010),13463,67507.3962949666,,,63769637
202602,ENGLAND,Dressings (20),Surgical Sutures (2011),8057,26072.5526291603,,,63769637
202602,ENGLAND,Dressings (20),Swabs (2012),16786,72892.2501422418,,,63769637
202602,ENGLAND,Dressings (20),"Skin Closure Strips, Sterile (2014)",7677,7394.21886004493,,,63769637
202602,ENGLAND,Dressings (20),"Skin Adhesive, Sterile (2015)",72,602.953087872785,,,63769637
202602,ENGLAND,Dressings (20),Silk Garments (2020),327,20742.4800591814,,,63769637
202603,ENGLAND,Dressings (20),Absorbent Cottons (2001),55,454.65095051288,,,63731682
202603,ENGLAND,Dressings (20),Arm Sling/Bandages (2002),34134,856783.628822444,,,63731682
202603,ENGLAND,Dressings (20),Wound Management & Other Dressings (2003),271955,10139238.302712,,,63731682
202603,ENGLAND,Dressings (20),Gauzes & Gauze Tissue (2004),7306,188128.24840054,,,63731682
202603,ENGLAND,Dressings (20),Tracheostomy & Laryngectomy Appliances (2005),16405,1668417.75629176,,,63731682
202603,ENGLAND,Dressings (20),Foam (2006),1,20.2652883672101,,,63731682
202603,ENGLAND,Dressings (20),Lints (2007),10,194.703151789645,,,63731682
202603,ENGLAND,Dressings (20),Stockinette (2009),30979,425719.195543155,,,63731682
202603,ENGLAND,Dressings (20),Surgical Adhesive Tape (2010),14438,71390.3256919292,,,63731682
202603,ENGLAND,Dressings (20),Surgical Sutures (2011),7396,19875.0095794721,,,63731682
202603,ENGLAND,Dressings (20),Swabs (2012),18284,79379.2965684548,,,63731682
202603,ENGLAND,Dressings (20),"Skin Closure Strips, Sterile (2014)",8266,7494.27533006572,,,63731682
202603,ENGLAND,Dressings (20),"Skin Adhesive, Sterile (2015)",91,513.310360463552,,,63731682
202603,ENGLAND,Dressings (20),Silk Garments (2020),435,24542.4318347791,,,63731682
202604,ENGLAND,Dressings (20),Absorbent Cottons (2001),41,514.212076851039,,,63675128
202604,ENGLAND,Dressings (20),Arm Sling/Bandages (2002),33162,837544.374719152,,,63675128
202604,ENGLAND,Dressings (20),Wound Management & Other Dressings (2003),262734,9883358.8584388,,,63675128
202604,ENGLAND,Dressings (20),Gauzes & Gauze Tissue (2004),6789,181993.824942339,,,63675128
202604,ENGLAND,Dressings (20),Tracheostomy & Laryngectomy Appliances (2005),15883,1585122.06715276,,,63675128
202604,ENGLAND,Dressings (20),Foam (2006),2,40.5299913155349,,,63675128
202604,ENGLAND,Dressings (20),Lints (2007),6,312.467268093134,,,63675128
202604,ENGLAND,Dressings (20),Stockinette (2009),30142,413889.310538184,,,63675128
202604,ENGLAND,Dressings (20),Surgical Adhesive Tape (2010),14064,68604.6099296043,,,63675128
202604,ENGLAND,Dressings (20),Surgical Sutures (2011),6414,17466.5105975984,,,63675128
202604,ENGLAND,Dressings (20),Swabs (2012),17824,78105.2275829067,,,63675128
202604,ENGLAND,Dressings (20),"Skin Closure Strips, Sterile (2014)",6202,6170.50263105258,,,63675128
202604,ENGLAND,Dressings (20),"Skin Adhesive, Sterile (2015)",59,384.411931339848,,,63675128
202604,ENGLAND,Dressings (20),Silk Garments (2020),376,21267.4785644577,,,63675128
202605,ENGLAND,Dressings (20),Absorbent Cottons (2001),49,547.093015892922,,,63550855
202605,ENGLAND,Dressings (20),Arm Sling/Bandages (2002),31592,796516.961161379,,,63550855
202605,ENGLAND,Dressings (20),Wound Management & Other Dressings (2003),255543,9467784.20211814,,,63550855
202605,ENGLAND,Dressings (20),Gauzes & Gauze Tissue (2004),6868,184886.486670242,,,63550855
202605,ENGLAND,Dressings (20),Tracheostomy & Laryngectomy Appliances (2005),13570,1375340.02790578,,,63550855
202605,ENGLAND,Dressings (20),Foam (2006),1,20.26436581168,,,63550855
202605,ENGLAND,Dressings (20),Lints (2007),13,273.48514224238,,,63550855
202605,ENGLAND,Dressings (20),Stockinette (2009),28417,378114.926092714,,,63550855
202605,ENGLAND,Dressings (20),Surgical Adhesive Tape (2010),13619,64808.5821805505,,,63550855
202605,ENGLAND,Dressings (20),Surgical Sutures (2011),6826,19530.9976784403,,,63550855
202605,ENGLAND,Dressings (20),Swabs (2012),17121,73385.366228119,,,63550855
202605,ENGLAND,Dressings (20),"Skin Closure Strips, Sterile (2014)",6599,6702.06439604182,,,63550855
202605,ENGLAND,Dressings (20),"Skin Adhesive, Sterile (2015)",70,453.776969183668,,,63550855
202605,ENGLAND,Dressings (20),Silk Garments (2020),343,18641.9354519434,,,63550855
202606,ENGLAND,Dressings (20),Absorbent Cottons (2001),30,421.751665834316,,,63509986
202606,ENGLAND,Dressings (20),Arm Sling/Bandages (2002),36954,938341.440370114,,,63509986
202606,ENGLAND,Dressings (20),Wound Management & Other Dressings (2003),299151,10936051.8118686,,,63509986
202606,ENGLAND,Dressings (20),Gauzes & Gauze Tissue (2004),8521,222746.499762264,,,63509986
202606,ENGLAND,Dressings (20),Tracheostomy & Laryngectomy Appliances (2005),14737,1509460.57740893,,,63509986
202606,ENGLAND,Dressings (20),Foam (2006),1,20.5168434260114,,,63509986
202606,ENGLAND,Dressings (20),Lints (2007),13,361.345876386333,,,63509986
202606,ENGLAND,Dressings (20),Stockinette (2009),33473,442743.552971421,,,63509986
202606,ENGLAND,Dressings (20),Surgical Adhesive Tape (2010),15778,73766.4517445072,,,63509986
202606,ENGLAND,Dressings (20),Surgical Sutures (2011),6924,16545.7629534228,,,63509986
202606,ENGLAND,Dressings (20),Swabs (2012),19459,85573.7156280878,,,63509986
202606,ENGLAND,Dressings (20),"Skin Closure Strips, Sterile (2014)",4943,5238.71870159302,,,63509986
202606,ENGLAND,Dressings (20),"Skin Adhesive, Sterile (2015)",52,328.56585922922,,,63509986
202606,ENGLAND,Dressings (20),Cellulose Wadding BP 1988 (2018),1,1.99524727636155,,,63509986
202606,ENGLAND,Dressings (20),Silk Garments (2020),384,21769.0649244686,,,63509986
202607,ENGLAND,Dressings (20),Absorbent Cottons (2001),28,229.271552595782,,,63314950
202607,ENGLAND,Dressings (20),Arm Sling/Bandages (2002),36378,917101.495293934,,,63314950
202607,ENGLAND,Dressings (20),Wound Management & Other Dressings (2003),311526,11593199.9885399,,,63314950
202607,ENGLAND,Dressings (20),Gauzes & Gauze Tissue (2004),8578,226431.339195673,,,63314950
202607,ENGLAND,Dressings (20),Tracheostomy & Laryngectomy Appliances (2005),16540,1692247.31952346,,,63314950
202607,ENGLAND,Dressings (20),Foam (2006),1,20.5172585438562,,,63314950
202607,ENGLAND,Dressings (20),Lints (2007),9,146.971452797184,,,63314950
202607,ENGLAND,Dressings (20),Stockinette (2009),33362,438919.167571436,,,63314950
202607,ENGLAND,Dressings (20),Surgical Adhesive Tape (2010),16108,82123.4634678453,,,63314950
202607,ENGLAND,Dressings (20),Surgical Sutures (2011),7066,19381.0410321698,,,63314950
202607,ENGLAND,Dressings (20),Swabs (2012),20409,88136.4024688643,,,63314950
202607,ENGLAND,Dressings (20),"Skin Closure Strips, Sterile (2014)",7593,7457.36408571659,,,63314950
202607,ENGLAND,Dressings (20),"Skin Adhesive, Sterile (2015)",89,638.983899802723,,,63314950
202607,ENGLAND,Dressings (20),Silk Garments (2020),372,19242.6569483543,,,63314950