Year Month,Country,BNF Chemical Substance plus Code,Items,Actual Cost,ADQ Usage,DDD Usage,List Size
202407,ENGLAND,Rifaximin (0501070X0),10953,1955185.45669846,,388318.000137582,63480506
202408,ENGLAND,Rifaximin (0501070X0),10416,1860291.20867073,,369462.250131199,63531644
202409,ENGLAND,Rifaximin (0501070X0),10343,1835255.75281561,,364607.833462198,63623320
202410,ENGLAND,Rifaximin (0501070X0),10911,1947496.45731167,,386728.500136899,63722003
202411,ENGLAND,Rifaximin (0501070X0),10730,1908954.20122592,,379105.333467503,63766922
202412,ENGLAND,Rifaximin (0501070X0),11037,1975536.01197278,,392274.666806017,63778023
202501,ENGLAND,Rifaximin (0501070X0),11209,2005184.33471389,,397081.000139967,63811119
202502,ENGLAND,Rifaximin (0501070X0),9669,1700371.4027908,,336568.500117895,63814878
202503,ENGLAND,Rifaximin (0501070X0),10804,1965754.14248123,,388139.916803319,63824983
202504,ENGLAND,Rifaximin (0501070X0),10788,1950824.77066271,,386227.500136421,63829070
202505,ENGLAND,Rifaximin (0501070X0),11271,2027223.76297389,,401645.416808415,63849271
202506,ENGLAND,Rifaximin (0501070X0),11016,2009212.01585959,,397437.250139795,63859394
202507,ENGLAND,Rifaximin (0501070X0),11751,2142284.70302237,,424794.500150033,63879648
202508,ENGLAND,Rifaximin (0501070X0),11039,2000213.19533147,,397080.666806905,63890633
202509,ENGLAND,Rifaximin (0501070X0),11388,2062001.07798428,,409185.000144205,63970723
202510,ENGLAND,Rifaximin (0501070X0),11839,2149375.14327461,,426151.166817052,64005675
202511,ENGLAND,Rifaximin (0501070X0),11024,2000077.21066802,,397073.666806827,63996561
202512,ENGLAND,Rifaximin (0501070X0),12223,2221127.20199073,,439716.00015556,63957289
202601,ENGLAND,Rifaximin (0501070X0),11816,2128828.81838939,,421862.000148635,63850356
202602,ENGLAND,Rifaximin (0501070X0),10857,1956795.80447528,,388424.666804292,63769637
202603,ENGLAND,Rifaximin (0501070X0),11970,2153245.84228591,,426991.583484296,63731682
202604,ENGLAND,Rifaximin (0501070X0),12028,2165220.8623856,,429285.416818619,63675128
202605,ENGLAND,Rifaximin (0501070X0),11716,2113103.85962809,,418360.333480608,63550855
202606,ENGLAND,Rifaximin (0501070X0),12316,2218035.63529952,,439292.250154008,63509986